date,code,usdprice
#date,#meta+code,#value+usd
2006-02-15,UPPER EAST-BOLGATANGA MUNICIPAL-Bolga-Millet-93 KG-Wholesale-GHS,30.43
2006-02-15,UPPER EAST-BOLGATANGA MUNICIPAL-Bolga-Millet-93 KG-Wholesale-GHS,30.43
2006-03-15,UPPER EAST-BOLGATANGA MUNICIPAL-Bolga-Millet-93 KG-Wholesale-GHS,31.88
2006-03-15,UPPER EAST-BOLGATANGA MUNICIPAL-Bolga-Millet-93 KG-Wholesale-GHS,31.88
2006-04-15,UPPER EAST-BOLGATANGA MUNICIPAL-Bolga-Millet-93 KG-Wholesale-GHS,30.98
2006-07-15,UPPER EAST-BOLGATANGA MUNICIPAL-Bolga-Millet-93 KG-Wholesale-GHS,28.53
2006-07-15,UPPER EAST-BOLGATANGA MUNICIPAL-Bolga-Millet-93 KG-Wholesale-GHS,28.53
2006-08-15,UPPER EAST-BOLGATANGA MUNICIPAL-Bolga-Millet-93 KG-Wholesale-GHS,26.09
2006-08-15,UPPER EAST-BOLGATANGA MUNICIPAL-Bolga-Millet-93 KG-Wholesale-GHS,26.09
2006-10-15,UPPER EAST-BOLGATANGA MUNICIPAL-Bolga-Millet-93 KG-Wholesale-GHS,32.1
2006-11-15,UPPER EAST-BOLGATANGA MUNICIPAL-Bolga-Millet-93 KG-Wholesale-GHS,26.09
2007-01-15,UPPER EAST-BOLGATANGA MUNICIPAL-Bolga-Millet-93 KG-Wholesale-GHS,22.1
2007-06-15,UPPER EAST-BOLGATANGA MUNICIPAL-Bolga-Millet-93 KG-Wholesale-GHS,21.9
2007-07-15,UPPER EAST-BOLGATANGA MUNICIPAL-Bolga-Millet-93 KG-Wholesale-GHS,26.88
2007-08-15,UPPER EAST-BOLGATANGA MUNICIPAL-Bolga-Millet-93 KG-Wholesale-GHS,30.11
2007-09-15,UPPER EAST-BOLGATANGA MUNICIPAL-Bolga-Millet-93 KG-Wholesale-GHS,31.05
2007-10-15,UPPER EAST-BOLGATANGA MUNICIPAL-Bolga-Millet-93 KG-Wholesale-GHS,32.98
2007-10-15,UPPER EAST-BOLGATANGA MUNICIPAL-Bolga-Millet-93 KG-Wholesale-GHS,32.98
2007-12-15,UPPER EAST-BOLGATANGA MUNICIPAL-Bolga-Millet-93 KG-Wholesale-GHS,42.11
2008-01-15,UPPER EAST-BOLGATANGA MUNICIPAL-Bolga-Millet-93 KG-Wholesale-GHS,41.05
2008-01-15,UPPER EAST-BOLGATANGA MUNICIPAL-Bolga-Millet-93 KG-Wholesale-GHS,41.05
2008-02-15,UPPER EAST-BOLGATANGA MUNICIPAL-Bolga-Millet-93 KG-Wholesale-GHS,44.79
2008-04-15,UPPER EAST-BOLGATANGA MUNICIPAL-Bolga-Millet-93 KG-Wholesale-GHS,46.97
2008-04-15,UPPER EAST-BOLGATANGA MUNICIPAL-Bolga-Millet-93 KG-Wholesale-GHS,46.97
2008-05-15,UPPER EAST-BOLGATANGA MUNICIPAL-Bolga-Millet-93 KG-Wholesale-GHS,55.93
2008-06-15,UPPER EAST-BOLGATANGA MUNICIPAL-Bolga-Millet-93 KG-Wholesale-GHS,55.9
2008-07-15,UPPER EAST-BOLGATANGA MUNICIPAL-Bolga-Millet-93 KG-Wholesale-GHS,54.55
2008-08-15,UPPER EAST-BOLGATANGA MUNICIPAL-Bolga-Millet-93 KG-Wholesale-GHS,55.87
2008-08-15,UPPER EAST-BOLGATANGA MUNICIPAL-Bolga-Millet-93 KG-Wholesale-GHS,55.87
2008-09-15,UPPER EAST-BOLGATANGA MUNICIPAL-Bolga-Millet-93 KG-Wholesale-GHS,55.87
2008-09-15,UPPER EAST-BOLGATANGA MUNICIPAL-Bolga-Millet-93 KG-Wholesale-GHS,55.87
2008-09-15,UPPER EAST-BOLGATANGA MUNICIPAL-Bolga-Millet-93 KG-Wholesale-GHS,55.87
2008-10-15,UPPER EAST-BOLGATANGA MUNICIPAL-Bolga-Millet-93 KG-Wholesale-GHS,54.31
2008-11-15,UPPER EAST-BOLGATANGA MUNICIPAL-Bolga-Millet-93 KG-Wholesale-GHS,51.09
2008-12-15,UPPER EAST-BOLGATANGA MUNICIPAL-Bolga-Millet-93 KG-Wholesale-GHS,40.98
2008-12-15,UPPER EAST-BOLGATANGA MUNICIPAL-Bolga-Millet-93 KG-Wholesale-GHS,40.98
2008-12-15,UPPER EAST-BOLGATANGA MUNICIPAL-Bolga-Millet-93 KG-Wholesale-GHS,40.98
2009-02-15,UPPER EAST-BOLGATANGA MUNICIPAL-Bolga-Millet-93 KG-Wholesale-GHS,38.59
2009-02-15,UPPER EAST-BOLGATANGA MUNICIPAL-Bolga-Millet-93 KG-Wholesale-GHS,38.59
2009-03-15,UPPER EAST-BOLGATANGA MUNICIPAL-Bolga-Millet-93 KG-Wholesale-GHS,38.75
2009-04-15,UPPER EAST-BOLGATANGA MUNICIPAL-Bolga-Millet-93 KG-Wholesale-GHS,37.32
2009-04-15,UPPER EAST-BOLGATANGA MUNICIPAL-Bolga-Millet-93 KG-Wholesale-GHS,37.32
2009-05-15,UPPER EAST-BOLGATANGA MUNICIPAL-Bolga-Millet-93 KG-Wholesale-GHS,37.38
2009-05-15,UPPER EAST-BOLGATANGA MUNICIPAL-Bolga-Millet-93 KG-Wholesale-GHS,37.38
2009-06-15,UPPER EAST-BOLGATANGA MUNICIPAL-Bolga-Millet-93 KG-Wholesale-GHS,43.92
2009-07-15,UPPER EAST-BOLGATANGA MUNICIPAL-Bolga-Millet-93 KG-Wholesale-GHS,44.63
2009-08-15,UPPER EAST-BOLGATANGA MUNICIPAL-Bolga-Millet-93 KG-Wholesale-GHS,47.76
2009-08-15,UPPER EAST-BOLGATANGA MUNICIPAL-Bolga-Millet-93 KG-Wholesale-GHS,47.76
2009-09-15,UPPER EAST-BOLGATANGA MUNICIPAL-Bolga-Millet-93 KG-Wholesale-GHS,35.62
2009-09-15,UPPER EAST-BOLGATANGA MUNICIPAL-Bolga-Millet-93 KG-Wholesale-GHS,35.62
2009-10-15,UPPER EAST-BOLGATANGA MUNICIPAL-Bolga-Millet-93 KG-Wholesale-GHS,34.72
2009-10-15,UPPER EAST-BOLGATANGA MUNICIPAL-Bolga-Millet-93 KG-Wholesale-GHS,34.72
2009-12-15,UPPER EAST-BOLGATANGA MUNICIPAL-Bolga-Millet-93 KG-Wholesale-GHS,37.32
2009-12-15,UPPER EAST-BOLGATANGA MUNICIPAL-Bolga-Millet-93 KG-Wholesale-GHS,37.32
2010-01-15,UPPER EAST-BOLGATANGA MUNICIPAL-Bolga-Millet-93 KG-Wholesale-GHS,37.45
2010-01-15,UPPER EAST-BOLGATANGA MUNICIPAL-Bolga-Millet-93 KG-Wholesale-GHS,37.45
2010-02-15,UPPER EAST-BOLGATANGA MUNICIPAL-Bolga-Millet-93 KG-Wholesale-GHS,36.36
2010-02-15,UPPER EAST-BOLGATANGA MUNICIPAL-Bolga-Millet-93 KG-Wholesale-GHS,36.36
2010-03-15,UPPER EAST-BOLGATANGA MUNICIPAL-Bolga-Millet-93 KG-Wholesale-GHS,37.32
2010-04-15,UPPER EAST-BOLGATANGA MUNICIPAL-Bolga-Millet-93 KG-Wholesale-GHS,35.21
2010-04-15,UPPER EAST-BOLGATANGA MUNICIPAL-Bolga-Millet-93 KG-Wholesale-GHS,35.21
2010-05-15,UPPER EAST-BOLGATANGA MUNICIPAL-Bolga-Millet-93 KG-Wholesale-GHS,35.21
2010-05-15,UPPER EAST-BOLGATANGA MUNICIPAL-Bolga-Millet-93 KG-Wholesale-GHS,35.21
2010-06-15,UPPER EAST-BOLGATANGA MUNICIPAL-Bolga-Millet-93 KG-Wholesale-GHS,34.97
2010-07-15,UPPER EAST-BOLGATANGA MUNICIPAL-Bolga-Millet-93 KG-Wholesale-GHS,41.1
2010-07-15,UPPER EAST-BOLGATANGA MUNICIPAL-Bolga-Millet-93 KG-Wholesale-GHS,41.1
2010-08-15,UPPER EAST-BOLGATANGA MUNICIPAL-Bolga-Millet-93 KG-Wholesale-GHS,34.8
2010-08-15,UPPER EAST-BOLGATANGA MUNICIPAL-Bolga-Millet-93 KG-Wholesale-GHS,34.8
2010-10-15,UPPER EAST-BOLGATANGA MUNICIPAL-Bolga-Millet-93 KG-Wholesale-GHS,35.21
2010-11-15,UPPER EAST-BOLGATANGA MUNICIPAL-Bolga-Millet-93 KG-Wholesale-GHS,35.42
2010-12-15,UPPER EAST-BOLGATANGA MUNICIPAL-Bolga-Millet-93 KG-Wholesale-GHS,34.76
2011-01-15,UPPER EAST-BOLGATANGA MUNICIPAL-Bolga-Millet-93 KG-Wholesale-GHS,36.07
2011-02-15,UPPER EAST-BOLGATANGA MUNICIPAL-Bolga-Millet-93 KG-Wholesale-GHS,33.44
2011-03-15,UPPER EAST-BOLGATANGA MUNICIPAL-Bolga-Millet-93 KG-Wholesale-GHS,34.97
2011-03-15,UPPER EAST-BOLGATANGA MUNICIPAL-Bolga-Millet-93 KG-Wholesale-GHS,34.97
2011-05-15,UPPER EAST-BOLGATANGA MUNICIPAL-Bolga-Millet-93 KG-Wholesale-GHS,41.72
2011-05-15,UPPER EAST-BOLGATANGA MUNICIPAL-Bolga-Millet-93 KG-Wholesale-GHS,41.72
2011-07-15,UPPER EAST-BOLGATANGA MUNICIPAL-Bolga-Millet-93 KG-Wholesale-GHS,47.52
2011-08-15,UPPER EAST-BOLGATANGA MUNICIPAL-Bolga-Millet-93 KG-Wholesale-GHS,45.75
2011-08-15,UPPER EAST-BOLGATANGA MUNICIPAL-Bolga-Millet-93 KG-Wholesale-GHS,45.75
2011-09-15,UPPER EAST-BOLGATANGA MUNICIPAL-Bolga-Millet-93 KG-Wholesale-GHS,44.59
2011-10-15,UPPER EAST-BOLGATANGA MUNICIPAL-Bolga-Millet-93 KG-Wholesale-GHS,42.77
2011-11-15,UPPER EAST-BOLGATANGA MUNICIPAL-Bolga-Millet-93 KG-Wholesale-GHS,43.48
2011-12-15,UPPER EAST-BOLGATANGA MUNICIPAL-Bolga-Millet-93 KG-Wholesale-GHS,46.49
2011-12-15,UPPER EAST-BOLGATANGA MUNICIPAL-Bolga-Millet-93 KG-Wholesale-GHS,46.49
2012-01-15,UPPER EAST-BOLGATANGA MUNICIPAL-Bolga-Millet-93 KG-Wholesale-GHS,43.77
2012-04-15,UPPER EAST-BOLGATANGA MUNICIPAL-Bolga-Millet-93 KG-Wholesale-GHS,52.08
2012-06-15,UPPER EAST-BOLGATANGA MUNICIPAL-Bolga-Millet-93 KG-Wholesale-GHS,54.4
2012-07-15,UPPER EAST-BOLGATANGA MUNICIPAL-Bolga-Millet-93 KG-Wholesale-GHS,53.85
2012-08-15,UPPER EAST-BOLGATANGA MUNICIPAL-Bolga-Millet-93 KG-Wholesale-GHS,61.21
2012-09-15,UPPER EAST-BOLGATANGA MUNICIPAL-Bolga-Millet-93 KG-Wholesale-GHS,68.78
2012-10-15,UPPER EAST-BOLGATANGA MUNICIPAL-Bolga-Millet-93 KG-Wholesale-GHS,79.37
2013-01-15,UPPER EAST-BOLGATANGA MUNICIPAL-Bolga-Millet-93 KG-Wholesale-GHS,54.61
2013-03-15,UPPER EAST-BOLGATANGA MUNICIPAL-Bolga-Millet-93 KG-Wholesale-GHS,51.3
2013-04-15,UPPER EAST-BOLGATANGA MUNICIPAL-Bolga-Millet-93 KG-Wholesale-GHS,48.97
2013-04-15,UPPER EAST-BOLGATANGA MUNICIPAL-Bolga-Millet-93 KG-Wholesale-GHS,48.97
2013-06-15,UPPER EAST-BOLGATANGA MUNICIPAL-Bolga-Millet-93 KG-Wholesale-GHS,51.88
2013-06-15,UPPER EAST-BOLGATANGA MUNICIPAL-Bolga-Millet-93 KG-Wholesale-GHS,51.88
2013-07-15,UPPER EAST-BOLGATANGA MUNICIPAL-Bolga-Millet-93 KG-Wholesale-GHS,52.7
2013-07-15,UPPER EAST-BOLGATANGA MUNICIPAL-Bolga-Millet-93 KG-Wholesale-GHS,52.7
2013-08-15,UPPER EAST-BOLGATANGA MUNICIPAL-Bolga-Millet-93 KG-Wholesale-GHS,47.76
2013-12-15,UPPER EAST-BOLGATANGA MUNICIPAL-Bolga-Millet-93 KG-Wholesale-GHS,42.45
2013-12-15,UPPER EAST-BOLGATANGA MUNICIPAL-Bolga-Millet-93 KG-Wholesale-GHS,42.45
2014-01-15,UPPER EAST-BOLGATANGA MUNICIPAL-Bolga-Millet-93 KG-Wholesale-GHS,43.93
2014-01-15,UPPER EAST-BOLGATANGA MUNICIPAL-Bolga-Millet-93 KG-Wholesale-GHS,43.93
2014-02-15,UPPER EAST-BOLGATANGA MUNICIPAL-Bolga-Millet-93 KG-Wholesale-GHS,35.71
2014-02-15,UPPER EAST-BOLGATANGA MUNICIPAL-Bolga-Millet-93 KG-Wholesale-GHS,35.71
2014-02-15,UPPER EAST-BOLGATANGA MUNICIPAL-Bolga-Millet-93 KG-Wholesale-GHS,35.71
2014-03-15,UPPER EAST-BOLGATANGA MUNICIPAL-Bolga-Millet-93 KG-Wholesale-GHS,39.16
2014-03-15,UPPER EAST-BOLGATANGA MUNICIPAL-Bolga-Millet-93 KG-Wholesale-GHS,39.16
2014-06-15,UPPER EAST-BOLGATANGA MUNICIPAL-Bolga-Millet-93 KG-Wholesale-GHS,35.52
2015-01-15,UPPER EAST-BOLGATANGA MUNICIPAL-Bolga-Millet-93 KG-Wholesale-GHS,36.11
2015-03-15,UPPER EAST-BOLGATANGA MUNICIPAL-Bolga-Millet-93 KG-Wholesale-GHS,30.56
2015-04-15,UPPER EAST-BOLGATANGA MUNICIPAL-Bolga-Millet-93 KG-Wholesale-GHS,30.68
2015-05-15,UPPER EAST-BOLGATANGA MUNICIPAL-Bolga-Millet-93 KG-Wholesale-GHS,36.55
2015-06-15,UPPER EAST-BOLGATANGA MUNICIPAL-Bolga-Millet-93 KG-Wholesale-GHS,34.64
2015-07-15,UPPER EAST-BOLGATANGA MUNICIPAL-Bolga-Millet-93 KG-Wholesale-GHS,44.85
2015-09-15,UPPER EAST-BOLGATANGA MUNICIPAL-Bolga-Millet-93 KG-Wholesale-GHS,34.35
2015-09-15,UPPER EAST-BOLGATANGA MUNICIPAL-Bolga-Millet-93 KG-Wholesale-GHS,34.35
2015-10-15,UPPER EAST-BOLGATANGA MUNICIPAL-Bolga-Millet-93 KG-Wholesale-GHS,36.36
2015-10-15,UPPER EAST-BOLGATANGA MUNICIPAL-Bolga-Millet-93 KG-Wholesale-GHS,36.36
2015-11-15,UPPER EAST-BOLGATANGA MUNICIPAL-Bolga-Millet-93 KG-Wholesale-GHS,34.21
2016-01-15,UPPER EAST-BOLGATANGA MUNICIPAL-Bolga-Millet-93 KG-Wholesale-GHS,31.75
2016-01-15,UPPER EAST-BOLGATANGA MUNICIPAL-Bolga-Millet-93 KG-Wholesale-GHS,31.75
2016-03-15,UPPER EAST-BOLGATANGA MUNICIPAL-Bolga-Millet-93 KG-Wholesale-GHS,33.85
2016-04-15,UPPER EAST-BOLGATANGA MUNICIPAL-Bolga-Millet-93 KG-Wholesale-GHS,37.8
2016-04-15,UPPER EAST-BOLGATANGA MUNICIPAL-Bolga-Millet-93 KG-Wholesale-GHS,37.8
2016-04-15,UPPER EAST-BOLGATANGA MUNICIPAL-Bolga-Millet-93 KG-Wholesale-GHS,37.8
2016-08-15,UPPER EAST-BOLGATANGA MUNICIPAL-Bolga-Millet-93 KG-Wholesale-GHS,32.79
2016-09-15,UPPER EAST-BOLGATANGA MUNICIPAL-Bolga-Millet-93 KG-Wholesale-GHS,34.74
2016-11-15,UPPER EAST-BOLGATANGA MUNICIPAL-Bolga-Millet-93 KG-Wholesale-GHS,45.54
2016-11-15,UPPER EAST-BOLGATANGA MUNICIPAL-Bolga-Millet-93 KG-Wholesale-GHS,45.54
2016-12-15,UPPER EAST-BOLGATANGA MUNICIPAL-Bolga-Millet-93 KG-Wholesale-GHS,33.18
2017-03-15,UPPER EAST-BOLGATANGA MUNICIPAL-Bolga-Millet-93 KG-Wholesale-GHS,36.5
2017-04-15,UPPER EAST-BOLGATANGA MUNICIPAL-Bolga-Millet-93 KG-Wholesale-GHS,46.89
2017-05-15,UPPER EAST-BOLGATANGA MUNICIPAL-Bolga-Millet-93 KG-Wholesale-GHS,48.19
2017-06-15,UPPER EAST-BOLGATANGA MUNICIPAL-Bolga-Millet-93 KG-Wholesale-GHS,45.56
2017-06-15,UPPER EAST-BOLGATANGA MUNICIPAL-Bolga-Millet-93 KG-Wholesale-GHS,45.56
2017-06-15,UPPER EAST-BOLGATANGA MUNICIPAL-Bolga-Millet-93 KG-Wholesale-GHS,45.56
2017-07-15,UPPER EAST-BOLGATANGA MUNICIPAL-Bolga-Millet-93 KG-Wholesale-GHS,45.37
2017-07-15,UPPER EAST-BOLGATANGA MUNICIPAL-Bolga-Millet-93 KG-Wholesale-GHS,45.37
2017-08-15,UPPER EAST-BOLGATANGA MUNICIPAL-Bolga-Millet-93 KG-Wholesale-GHS,46.73
2017-08-15,UPPER EAST-BOLGATANGA MUNICIPAL-Bolga-Millet-93 KG-Wholesale-GHS,46.73
2017-08-15,UPPER EAST-BOLGATANGA MUNICIPAL-Bolga-Millet-93 KG-Wholesale-GHS,46.73
2017-08-15,UPPER EAST-BOLGATANGA MUNICIPAL-Bolga-Millet-93 KG-Wholesale-GHS,46.73
2017-09-15,UPPER EAST-BOLGATANGA MUNICIPAL-Bolga-Millet-93 KG-Wholesale-GHS,53.41
2017-10-15,UPPER EAST-BOLGATANGA MUNICIPAL-Bolga-Millet-93 KG-Wholesale-GHS,48.08
2017-11-15,UPPER EAST-BOLGATANGA MUNICIPAL-Bolga-Millet-93 KG-Wholesale-GHS,48.38
2017-11-15,UPPER EAST-BOLGATANGA MUNICIPAL-Bolga-Millet-93 KG-Wholesale-GHS,48.38
2018-02-15,UPPER EAST-BOLGATANGA MUNICIPAL-Bolga-Millet-93 KG-Wholesale-GHS,50.49
2018-02-15,UPPER EAST-BOLGATANGA MUNICIPAL-Bolga-Millet-93 KG-Wholesale-GHS,50.49
2018-04-15,UPPER EAST-BOLGATANGA MUNICIPAL-Bolga-Millet-93 KG-Wholesale-GHS,44.11
2018-05-15,UPPER EAST-BOLGATANGA MUNICIPAL-Bolga-Millet-93 KG-Wholesale-GHS,51.48
2018-05-15,UPPER EAST-BOLGATANGA MUNICIPAL-Bolga-Millet-93 KG-Wholesale-GHS,51.48
2018-06-15,UPPER EAST-BOLGATANGA MUNICIPAL-Bolga-Millet-93 KG-Wholesale-GHS,51.84
2018-07-15,UPPER EAST-BOLGATANGA MUNICIPAL-Bolga-Millet-93 KG-Wholesale-GHS,49.59
2018-08-15,UPPER EAST-BOLGATANGA MUNICIPAL-Bolga-Millet-93 KG-Wholesale-GHS,48.12
2018-08-15,UPPER EAST-BOLGATANGA MUNICIPAL-Bolga-Millet-93 KG-Wholesale-GHS,48.12
2018-08-15,UPPER EAST-BOLGATANGA MUNICIPAL-Bolga-Millet-93 KG-Wholesale-GHS,48.12
2018-09-15,UPPER EAST-BOLGATANGA MUNICIPAL-Bolga-Millet-93 KG-Wholesale-GHS,47.58
2018-10-15,UPPER EAST-BOLGATANGA MUNICIPAL-Bolga-Millet-93 KG-Wholesale-GHS,47.22
2018-10-15,UPPER EAST-BOLGATANGA MUNICIPAL-Bolga-Millet-93 KG-Wholesale-GHS,47.22
2018-10-15,UPPER EAST-BOLGATANGA MUNICIPAL-Bolga-Millet-93 KG-Wholesale-GHS,47.22
2018-11-15,UPPER EAST-BOLGATANGA MUNICIPAL-Bolga-Millet-93 KG-Wholesale-GHS,42.26
2018-12-15,UPPER EAST-BOLGATANGA MUNICIPAL-Bolga-Millet-93 KG-Wholesale-GHS,33.99
2019-01-15,UPPER EAST-BOLGATANGA MUNICIPAL-Bolga-Millet-93 KG-Wholesale-GHS,34.09
2019-02-15,UPPER EAST-BOLGATANGA MUNICIPAL-Bolga-Millet-93 KG-Wholesale-GHS,32.8
2019-02-15,UPPER EAST-BOLGATANGA MUNICIPAL-Bolga-Millet-93 KG-Wholesale-GHS,32.8
2019-03-15,UPPER EAST-BOLGATANGA MUNICIPAL-Bolga-Millet-93 KG-Wholesale-GHS,29.23
2019-03-15,UPPER EAST-BOLGATANGA MUNICIPAL-Bolga-Millet-93 KG-Wholesale-GHS,29.23
2019-03-15,UPPER EAST-BOLGATANGA MUNICIPAL-Bolga-Millet-93 KG-Wholesale-GHS,29.23
2019-03-15,UPPER EAST-BOLGATANGA MUNICIPAL-Bolga-Millet-93 KG-Wholesale-GHS,29.23
2019-04-15,UPPER EAST-BOLGATANGA MUNICIPAL-Bolga-Millet-93 KG-Wholesale-GHS,33.04
2019-05-15,UPPER EAST-BOLGATANGA MUNICIPAL-Bolga-Millet-93 KG-Wholesale-GHS,31.81
2019-06-15,UPPER EAST-BOLGATANGA MUNICIPAL-Bolga-Millet-93 KG-Wholesale-GHS,32.48
2019-06-15,UPPER EAST-BOLGATANGA MUNICIPAL-Bolga-Millet-93 KG-Wholesale-GHS,32.48
2019-07-15,UPPER EAST-BOLGATANGA MUNICIPAL-Bolga-Millet-93 KG-Wholesale-GHS,27.34
2019-08-15,UPPER EAST-BOLGATANGA MUNICIPAL-Bolga-Millet-93 KG-Wholesale-GHS,22.21
2019-10-15,UPPER EAST-BOLGATANGA MUNICIPAL-Bolga-Millet-93 KG-Wholesale-GHS,23.89
2019-12-15,UPPER EAST-BOLGATANGA MUNICIPAL-Bolga-Millet-93 KG-Wholesale-GHS,23.66
2020-01-15,UPPER EAST-BOLGATANGA MUNICIPAL-Bolga-Millet-93 KG-Wholesale-GHS,24.34
2020-02-15,UPPER EAST-BOLGATANGA MUNICIPAL-Bolga-Millet-93 KG-Wholesale-GHS,32.17
2020-04-15,UPPER EAST-BOLGATANGA MUNICIPAL-Bolga-Millet-93 KG-Wholesale-GHS,27.86
2020-08-15,UPPER EAST-BOLGATANGA MUNICIPAL-Bolga-Millet-93 KG-Wholesale-GHS,36.04
2020-11-15,UPPER EAST-BOLGATANGA MUNICIPAL-Bolga-Millet-93 KG-Wholesale-GHS,51.09
2021-01-15,UPPER EAST-BOLGATANGA MUNICIPAL-Bolga-Millet-93 KG-Wholesale-GHS,44.64
2021-01-15,UPPER EAST-BOLGATANGA MUNICIPAL-Bolga-Millet-93 KG-Wholesale-GHS,44.64
2021-02-15,UPPER EAST-BOLGATANGA MUNICIPAL-Bolga-Millet-93 KG-Wholesale-GHS,45.28
2021-02-15,UPPER EAST-BOLGATANGA MUNICIPAL-Bolga-Millet-93 KG-Wholesale-GHS,45.28
2021-03-15,UPPER EAST-BOLGATANGA MUNICIPAL-Bolga-Millet-93 KG-Wholesale-GHS,43.15
2021-03-15,UPPER EAST-BOLGATANGA MUNICIPAL-Bolga-Millet-93 KG-Wholesale-GHS,43.15
2021-04-15,UPPER EAST-BOLGATANGA MUNICIPAL-Bolga-Millet-93 KG-Wholesale-GHS,42.7
2021-04-15,UPPER EAST-BOLGATANGA MUNICIPAL-Bolga-Millet-93 KG-Wholesale-GHS,42.7
2021-06-15,UPPER EAST-BOLGATANGA MUNICIPAL-Bolga-Millet-93 KG-Wholesale-GHS,51.18
2021-09-15,UPPER EAST-BOLGATANGA MUNICIPAL-Bolga-Millet-93 KG-Wholesale-GHS,54.11
2021-10-15,UPPER EAST-BOLGATANGA MUNICIPAL-Bolga-Millet-93 KG-Wholesale-GHS,50.54
2021-12-15,UPPER EAST-BOLGATANGA MUNICIPAL-Bolga-Millet-93 KG-Wholesale-GHS,50.12
2021-12-15,UPPER EAST-BOLGATANGA MUNICIPAL-Bolga-Millet-93 KG-Wholesale-GHS,50.12
2022-01-15,UPPER EAST-BOLGATANGA MUNICIPAL-Bolga-Millet-93 KG-Wholesale-GHS,55.8
2022-01-15,UPPER EAST-BOLGATANGA MUNICIPAL-Bolga-Millet-93 KG-Wholesale-GHS,55.8
2022-01-15,UPPER EAST-BOLGATANGA MUNICIPAL-Bolga-Millet-93 KG-Wholesale-GHS,55.8
2022-05-15,UPPER EAST-BOLGATANGA MUNICIPAL-Bolga-Millet-93 KG-Wholesale-GHS,70.38
2022-05-15,UPPER EAST-BOLGATANGA MUNICIPAL-Bolga-Millet-93 KG-Wholesale-GHS,70.38
2022-07-15,UPPER EAST-BOLGATANGA MUNICIPAL-Bolga-Millet-93 KG-Wholesale-GHS,63.94
2022-07-15,UPPER EAST-BOLGATANGA MUNICIPAL-Bolga-Millet-93 KG-Wholesale-GHS,63.94
2022-08-15,UPPER EAST-BOLGATANGA MUNICIPAL-Bolga-Millet-93 KG-Wholesale-GHS,41.59
2022-08-15,UPPER EAST-BOLGATANGA MUNICIPAL-Bolga-Millet-93 KG-Wholesale-GHS,41.59
2022-08-15,UPPER EAST-BOLGATANGA MUNICIPAL-Bolga-Millet-93 KG-Wholesale-GHS,41.59
2022-10-15,UPPER EAST-BOLGATANGA MUNICIPAL-Bolga-Millet-93 KG-Wholesale-GHS,61.19
2022-11-15,UPPER EAST-BOLGATANGA MUNICIPAL-Bolga-Millet-93 KG-Wholesale-GHS,48.22
2022-12-15,UPPER EAST-BOLGATANGA MUNICIPAL-Bolga-Millet-93 KG-Wholesale-GHS,91.15
2023-01-15,UPPER EAST-BOLGATANGA MUNICIPAL-Bolga-Millet-93 KG-Wholesale-GHS,73.48
2023-03-15,UPPER EAST-BOLGATANGA MUNICIPAL-Bolga-Millet-93 KG-Wholesale-GHS,59.77
2023-05-15,UPPER EAST-BOLGATANGA MUNICIPAL-Bolga-Millet-93 KG-Wholesale-GHS,65.52
2023-07-15,UPPER EAST-BOLGATANGA MUNICIPAL-Bolga-Millet-93 KG-Wholesale-GHS,64.92
2006-03-15,NORTHERN-TAMALE NORTH SUB METRO-Tamale-Cassava-91 KG-Wholesale-GHS,14.13
2006-04-15,NORTHERN-TAMALE NORTH SUB METRO-Tamale-Cassava-91 KG-Wholesale-GHS,13.59
2006-04-15,NORTHERN-TAMALE NORTH SUB METRO-Tamale-Cassava-91 KG-Wholesale-GHS,13.59
2006-05-15,NORTHERN-TAMALE NORTH SUB METRO-Tamale-Cassava-91 KG-Wholesale-GHS,13.04
2006-07-15,NORTHERN-TAMALE NORTH SUB METRO-Tamale-Cassava-91 KG-Wholesale-GHS,15.22
2006-08-15,NORTHERN-TAMALE NORTH SUB METRO-Tamale-Cassava-91 KG-Wholesale-GHS,16.3
2006-09-15,NORTHERN-TAMALE NORTH SUB METRO-Tamale-Cassava-91 KG-Wholesale-GHS,15.49
2006-10-15,NORTHERN-TAMALE NORTH SUB METRO-Tamale-Cassava-91 KG-Wholesale-GHS,15.22
2006-11-15,NORTHERN-TAMALE NORTH SUB METRO-Tamale-Cassava-91 KG-Wholesale-GHS,16.03
2006-11-15,NORTHERN-TAMALE NORTH SUB METRO-Tamale-Cassava-91 KG-Wholesale-GHS,16.03
2006-11-15,NORTHERN-TAMALE NORTH SUB METRO-Tamale-Cassava-91 KG-Wholesale-GHS,16.03
2006-12-15,NORTHERN-TAMALE NORTH SUB METRO-Tamale-Cassava-91 KG-Wholesale-GHS,15.22
2007-01-15,NORTHERN-TAMALE NORTH SUB METRO-Tamale-Cassava-91 KG-Wholesale-GHS,15.22
2007-02-15,NORTHERN-TAMALE NORTH SUB METRO-Tamale-Cassava-91 KG-Wholesale-GHS,15.22
2007-02-15,NORTHERN-TAMALE NORTH SUB METRO-Tamale-Cassava-91 KG-Wholesale-GHS,15.22
2007-03-15,NORTHERN-TAMALE NORTH SUB METRO-Tamale-Cassava-91 KG-Wholesale-GHS,14.67
2007-03-15,NORTHERN-TAMALE NORTH SUB METRO-Tamale-Cassava-91 KG-Wholesale-GHS,14.67
2007-04-15,NORTHERN-TAMALE NORTH SUB METRO-Tamale-Cassava-91 KG-Wholesale-GHS,15.22
2007-06-15,NORTHERN-TAMALE NORTH SUB METRO-Tamale-Cassava-91 KG-Wholesale-GHS,15.22
2007-07-15,NORTHERN-TAMALE NORTH SUB METRO-Tamale-Cassava-91 KG-Wholesale-GHS,15.05
2007-09-15,NORTHERN-TAMALE NORTH SUB METRO-Tamale-Cassava-91 KG-Wholesale-GHS,15.53
2007-12-15,NORTHERN-TAMALE NORTH SUB METRO-Tamale-Cassava-91 KG-Wholesale-GHS,15.26
2007-12-15,NORTHERN-TAMALE NORTH SUB METRO-Tamale-Cassava-91 KG-Wholesale-GHS,15.26
2008-01-15,NORTHERN-TAMALE NORTH SUB METRO-Tamale-Cassava-91 KG-Wholesale-GHS,16.84
2008-02-15,NORTHERN-TAMALE NORTH SUB METRO-Tamale-Cassava-91 KG-Wholesale-GHS,15.62
2008-02-15,NORTHERN-TAMALE NORTH SUB METRO-Tamale-Cassava-91 KG-Wholesale-GHS,15.62
2008-02-15,NORTHERN-TAMALE NORTH SUB METRO-Tamale-Cassava-91 KG-Wholesale-GHS,15.62
2008-03-15,NORTHERN-TAMALE NORTH SUB METRO-Tamale-Cassava-91 KG-Wholesale-GHS,14.93
2008-04-15,NORTHERN-TAMALE NORTH SUB METRO-Tamale-Cassava-91 KG-Wholesale-GHS,14.65
2008-04-15,NORTHERN-TAMALE NORTH SUB METRO-Tamale-Cassava-91 KG-Wholesale-GHS,14.65
2008-05-15,NORTHERN-TAMALE NORTH SUB METRO-Tamale-Cassava-91 KG-Wholesale-GHS,16.24
2008-06-15,NORTHERN-TAMALE NORTH SUB METRO-Tamale-Cassava-91 KG-Wholesale-GHS,13.74
2008-06-15,NORTHERN-TAMALE NORTH SUB METRO-Tamale-Cassava-91 KG-Wholesale-GHS,13.74
2008-07-15,NORTHERN-TAMALE NORTH SUB METRO-Tamale-Cassava-91 KG-Wholesale-GHS,12.73
2008-08-15,NORTHERN-TAMALE NORTH SUB METRO-Tamale-Cassava-91 KG-Wholesale-GHS,12.39
2008-08-15,NORTHERN-TAMALE NORTH SUB METRO-Tamale-Cassava-91 KG-Wholesale-GHS,12.39
2008-09-15,NORTHERN-TAMALE NORTH SUB METRO-Tamale-Cassava-91 KG-Wholesale-GHS,12.17
2008-11-15,NORTHERN-TAMALE NORTH SUB METRO-Tamale-Cassava-91 KG-Wholesale-GHS,12.1
2009-01-15,NORTHERN-TAMALE NORTH SUB METRO-Tamale-Cassava-91 KG-Wholesale-GHS,10.78
2009-02-15,NORTHERN-TAMALE NORTH SUB METRO-Tamale-Cassava-91 KG-Wholesale-GHS,10.19
2009-02-15,NORTHERN-TAMALE NORTH SUB METRO-Tamale-Cassava-91 KG-Wholesale-GHS,10.19
2009-04-15,NORTHERN-TAMALE NORTH SUB METRO-Tamale-Cassava-91 KG-Wholesale-GHS,9.15
2009-04-15,NORTHERN-TAMALE NORTH SUB METRO-Tamale-Cassava-91 KG-Wholesale-GHS,9.15
2009-07-15,NORTHERN-TAMALE NORTH SUB METRO-Tamale-Cassava-91 KG-Wholesale-GHS,9.9
2009-08-15,NORTHERN-TAMALE NORTH SUB METRO-Tamale-Cassava-91 KG-Wholesale-GHS,10.75
2009-09-15,NORTHERN-TAMALE NORTH SUB METRO-Tamale-Cassava-91 KG-Wholesale-GHS,10.27
2009-09-15,NORTHERN-TAMALE NORTH SUB METRO-Tamale-Cassava-91 KG-Wholesale-GHS,10.27
2009-10-15,NORTHERN-TAMALE NORTH SUB METRO-Tamale-Cassava-91 KG-Wholesale-GHS,19.44
2009-11-15,NORTHERN-TAMALE NORTH SUB METRO-Tamale-Cassava-91 KG-Wholesale-GHS,22.73
2009-11-15,NORTHERN-TAMALE NORTH SUB METRO-Tamale-Cassava-91 KG-Wholesale-GHS,22.73
2010-02-15,NORTHERN-TAMALE NORTH SUB METRO-Tamale-Cassava-91 KG-Wholesale-GHS,22.73
2010-03-15,NORTHERN-TAMALE NORTH SUB METRO-Tamale-Cassava-91 KG-Wholesale-GHS,19.54
2010-04-15,NORTHERN-TAMALE NORTH SUB METRO-Tamale-Cassava-91 KG-Wholesale-GHS,20.77
2010-04-15,NORTHERN-TAMALE NORTH SUB METRO-Tamale-Cassava-91 KG-Wholesale-GHS,20.77
2010-04-15,NORTHERN-TAMALE NORTH SUB METRO-Tamale-Cassava-91 KG-Wholesale-GHS,20.77
2010-05-15,NORTHERN-TAMALE NORTH SUB METRO-Tamale-Cassava-91 KG-Wholesale-GHS,29.58
2010-05-15,NORTHERN-TAMALE NORTH SUB METRO-Tamale-Cassava-91 KG-Wholesale-GHS,29.58
2010-08-15,NORTHERN-TAMALE NORTH SUB METRO-Tamale-Cassava-91 KG-Wholesale-GHS,19.66
2010-08-15,NORTHERN-TAMALE NORTH SUB METRO-Tamale-Cassava-91 KG-Wholesale-GHS,19.66
2010-08-15,NORTHERN-TAMALE NORTH SUB METRO-Tamale-Cassava-91 KG-Wholesale-GHS,19.66
2010-09-15,NORTHERN-TAMALE NORTH SUB METRO-Tamale-Cassava-91 KG-Wholesale-GHS,36.71
2010-09-15,NORTHERN-TAMALE NORTH SUB METRO-Tamale-Cassava-91 KG-Wholesale-GHS,36.71
2010-10-15,NORTHERN-TAMALE NORTH SUB METRO-Tamale-Cassava-91 KG-Wholesale-GHS,32.57
2010-10-15,NORTHERN-TAMALE NORTH SUB METRO-Tamale-Cassava-91 KG-Wholesale-GHS,32.57
2010-11-15,NORTHERN-TAMALE NORTH SUB METRO-Tamale-Cassava-91 KG-Wholesale-GHS,39.06
2010-12-15,NORTHERN-TAMALE NORTH SUB METRO-Tamale-Cassava-91 KG-Wholesale-GHS,30.82
2010-12-15,NORTHERN-TAMALE NORTH SUB METRO-Tamale-Cassava-91 KG-Wholesale-GHS,30.82
2011-01-15,NORTHERN-TAMALE NORTH SUB METRO-Tamale-Cassava-91 KG-Wholesale-GHS,26.07
2011-02-15,NORTHERN-TAMALE NORTH SUB METRO-Tamale-Cassava-91 KG-Wholesale-GHS,37.09
2011-03-15,NORTHERN-TAMALE NORTH SUB METRO-Tamale-Cassava-91 KG-Wholesale-GHS,45.75
2011-04-15,NORTHERN-TAMALE NORTH SUB METRO-Tamale-Cassava-91 KG-Wholesale-GHS,46.36
2011-04-15,NORTHERN-TAMALE NORTH SUB METRO-Tamale-Cassava-91 KG-Wholesale-GHS,46.36
2011-04-15,NORTHERN-TAMALE NORTH SUB METRO-Tamale-Cassava-91 KG-Wholesale-GHS,46.36
2011-04-15,NORTHERN-TAMALE NORTH SUB METRO-Tamale-Cassava-91 KG-Wholesale-GHS,46.36
2011-05-15,NORTHERN-TAMALE NORTH SUB METRO-Tamale-Cassava-91 KG-Wholesale-GHS,46.36
2011-05-15,NORTHERN-TAMALE NORTH SUB METRO-Tamale-Cassava-91 KG-Wholesale-GHS,46.36
2011-08-15,NORTHERN-TAMALE NORTH SUB METRO-Tamale-Cassava-91 KG-Wholesale-GHS,37.04
2011-11-15,NORTHERN-TAMALE NORTH SUB METRO-Tamale-Cassava-91 KG-Wholesale-GHS,31.06
2011-12-15,NORTHERN-TAMALE NORTH SUB METRO-Tamale-Cassava-91 KG-Wholesale-GHS,30.49
2011-12-15,NORTHERN-TAMALE NORTH SUB METRO-Tamale-Cassava-91 KG-Wholesale-GHS,30.49
2012-02-15,NORTHERN-TAMALE NORTH SUB METRO-Tamale-Cassava-91 KG-Wholesale-GHS,35.29
2012-05-15,NORTHERN-TAMALE NORTH SUB METRO-Tamale-Cassava-91 KG-Wholesale-GHS,31.58
2012-06-15,NORTHERN-TAMALE NORTH SUB METRO-Tamale-Cassava-91 KG-Wholesale-GHS,31.09
2012-07-15,NORTHERN-TAMALE NORTH SUB METRO-Tamale-Cassava-91 KG-Wholesale-GHS,29.49
2012-08-15,NORTHERN-TAMALE NORTH SUB METRO-Tamale-Cassava-91 KG-Wholesale-GHS,27.06
2012-10-15,NORTHERN-TAMALE NORTH SUB METRO-Tamale-Cassava-91 KG-Wholesale-GHS,31.75
2012-10-15,NORTHERN-TAMALE NORTH SUB METRO-Tamale-Cassava-91 KG-Wholesale-GHS,31.75
2012-11-15,NORTHERN-TAMALE NORTH SUB METRO-Tamale-Cassava-91 KG-Wholesale-GHS,31.91
2012-11-15,NORTHERN-TAMALE NORTH SUB METRO-Tamale-Cassava-91 KG-Wholesale-GHS,31.91
2012-12-15,NORTHERN-TAMALE NORTH SUB METRO-Tamale-Cassava-91 KG-Wholesale-GHS,30.69
2013-02-15,NORTHERN-TAMALE NORTH SUB METRO-Tamale-Cassava-91 KG-Wholesale-GHS,30.29
2013-02-15,NORTHERN-TAMALE NORTH SUB METRO-Tamale-Cassava-91 KG-Wholesale-GHS,30.29
2013-03-15,NORTHERN-TAMALE NORTH SUB METRO-Tamale-Cassava-91 KG-Wholesale-GHS,29.66
2013-03-15,NORTHERN-TAMALE NORTH SUB METRO-Tamale-Cassava-91 KG-Wholesale-GHS,29.66
2013-05-15,NORTHERN-TAMALE NORTH SUB METRO-Tamale-Cassava-91 KG-Wholesale-GHS,30.65
2013-05-15,NORTHERN-TAMALE NORTH SUB METRO-Tamale-Cassava-91 KG-Wholesale-GHS,30.65
2013-06-15,NORTHERN-TAMALE NORTH SUB METRO-Tamale-Cassava-91 KG-Wholesale-GHS,29
2013-06-15,NORTHERN-TAMALE NORTH SUB METRO-Tamale-Cassava-91 KG-Wholesale-GHS,29
2013-08-15,NORTHERN-TAMALE NORTH SUB METRO-Tamale-Cassava-91 KG-Wholesale-GHS,33.02
2013-08-15,NORTHERN-TAMALE NORTH SUB METRO-Tamale-Cassava-91 KG-Wholesale-GHS,33.02
2013-09-15,NORTHERN-TAMALE NORTH SUB METRO-Tamale-Cassava-91 KG-Wholesale-GHS,30.53
2013-09-15,NORTHERN-TAMALE NORTH SUB METRO-Tamale-Cassava-91 KG-Wholesale-GHS,30.53
2013-11-15,NORTHERN-TAMALE NORTH SUB METRO-Tamale-Cassava-91 KG-Wholesale-GHS,22.42
2013-11-15,NORTHERN-TAMALE NORTH SUB METRO-Tamale-Cassava-91 KG-Wholesale-GHS,22.42
2013-12-15,NORTHERN-TAMALE NORTH SUB METRO-Tamale-Cassava-91 KG-Wholesale-GHS,23.95
2013-12-15,NORTHERN-TAMALE NORTH SUB METRO-Tamale-Cassava-91 KG-Wholesale-GHS,23.95
2014-01-15,NORTHERN-TAMALE NORTH SUB METRO-Tamale-Cassava-91 KG-Wholesale-GHS,20.5
2014-01-15,NORTHERN-TAMALE NORTH SUB METRO-Tamale-Cassava-91 KG-Wholesale-GHS,20.5
2014-04-15,NORTHERN-TAMALE NORTH SUB METRO-Tamale-Cassava-91 KG-Wholesale-GHS,22.73
2014-07-15,NORTHERN-TAMALE NORTH SUB METRO-Tamale-Cassava-91 KG-Wholesale-GHS,19.31
2014-07-15,NORTHERN-TAMALE NORTH SUB METRO-Tamale-Cassava-91 KG-Wholesale-GHS,19.31
2014-07-15,NORTHERN-TAMALE NORTH SUB METRO-Tamale-Cassava-91 KG-Wholesale-GHS,19.31
2014-08-15,NORTHERN-TAMALE NORTH SUB METRO-Tamale-Cassava-91 KG-Wholesale-GHS,19.5
2014-09-15,NORTHERN-TAMALE NORTH SUB METRO-Tamale-Cassava-91 KG-Wholesale-GHS,19.77
2014-10-15,NORTHERN-TAMALE NORTH SUB METRO-Tamale-Cassava-91 KG-Wholesale-GHS,19.59
2014-12-15,NORTHERN-TAMALE NORTH SUB METRO-Tamale-Cassava-91 KG-Wholesale-GHS,19.53
2015-01-15,NORTHERN-TAMALE NORTH SUB METRO-Tamale-Cassava-91 KG-Wholesale-GHS,18.52
2015-01-15,NORTHERN-TAMALE NORTH SUB METRO-Tamale-Cassava-91 KG-Wholesale-GHS,18.52
2015-02-15,NORTHERN-TAMALE NORTH SUB METRO-Tamale-Cassava-91 KG-Wholesale-GHS,17.65
2015-02-15,NORTHERN-TAMALE NORTH SUB METRO-Tamale-Cassava-91 KG-Wholesale-GHS,17.65
2015-03-15,NORTHERN-TAMALE NORTH SUB METRO-Tamale-Cassava-91 KG-Wholesale-GHS,16.67
2015-03-15,NORTHERN-TAMALE NORTH SUB METRO-Tamale-Cassava-91 KG-Wholesale-GHS,16.67
2015-04-15,NORTHERN-TAMALE NORTH SUB METRO-Tamale-Cassava-91 KG-Wholesale-GHS,15.67
2015-04-15,NORTHERN-TAMALE NORTH SUB METRO-Tamale-Cassava-91 KG-Wholesale-GHS,15.67
2015-05-15,NORTHERN-TAMALE NORTH SUB METRO-Tamale-Cassava-91 KG-Wholesale-GHS,15.23
2015-10-15,NORTHERN-TAMALE NORTH SUB METRO-Tamale-Cassava-91 KG-Wholesale-GHS,25.13
2015-10-15,NORTHERN-TAMALE NORTH SUB METRO-Tamale-Cassava-91 KG-Wholesale-GHS,25.13
2015-10-15,NORTHERN-TAMALE NORTH SUB METRO-Tamale-Cassava-91 KG-Wholesale-GHS,25.13
2016-01-15,NORTHERN-TAMALE NORTH SUB METRO-Tamale-Cassava-91 KG-Wholesale-GHS,19.58
2016-01-15,NORTHERN-TAMALE NORTH SUB METRO-Tamale-Cassava-91 KG-Wholesale-GHS,19.58
2016-04-15,NORTHERN-TAMALE NORTH SUB METRO-Tamale-Cassava-91 KG-Wholesale-GHS,49.34
2016-05-15,NORTHERN-TAMALE NORTH SUB METRO-Tamale-Cassava-91 KG-Wholesale-GHS,52.49
2016-05-15,NORTHERN-TAMALE NORTH SUB METRO-Tamale-Cassava-91 KG-Wholesale-GHS,52.49
2016-06-15,NORTHERN-TAMALE NORTH SUB METRO-Tamale-Cassava-91 KG-Wholesale-GHS,51.81
2016-06-15,NORTHERN-TAMALE NORTH SUB METRO-Tamale-Cassava-91 KG-Wholesale-GHS,51.81
2016-07-15,NORTHERN-TAMALE NORTH SUB METRO-Tamale-Cassava-91 KG-Wholesale-GHS,38.17
2016-08-15,NORTHERN-TAMALE NORTH SUB METRO-Tamale-Cassava-91 KG-Wholesale-GHS,38.96
2016-08-15,NORTHERN-TAMALE NORTH SUB METRO-Tamale-Cassava-91 KG-Wholesale-GHS,38.96
2016-09-15,NORTHERN-TAMALE NORTH SUB METRO-Tamale-Cassava-91 KG-Wholesale-GHS,41.56
2016-11-15,NORTHERN-TAMALE NORTH SUB METRO-Tamale-Cassava-91 KG-Wholesale-GHS,38.76
2017-02-15,NORTHERN-TAMALE NORTH SUB METRO-Tamale-Cassava-91 KG-Wholesale-GHS,33.03
2017-04-15,NORTHERN-TAMALE NORTH SUB METRO-Tamale-Cassava-91 KG-Wholesale-GHS,34.69
2017-09-15,NORTHERN-TAMALE NORTH SUB METRO-Tamale-Cassava-91 KG-Wholesale-GHS,3
2017-12-15,NORTHERN-TAMALE NORTH SUB METRO-Tamale-Cassava-91 KG-Wholesale-GHS,22.17
2017-12-15,NORTHERN-TAMALE NORTH SUB METRO-Tamale-Cassava-91 KG-Wholesale-GHS,22.17
2019-08-15,NORTHERN-TAMALE NORTH SUB METRO-Tamale-Cassava-91 KG-Wholesale-GHS,41.79
2019-09-15,NORTHERN-TAMALE NORTH SUB METRO-Tamale-Cassava-91 KG-Wholesale-GHS,41.59
2019-10-15,NORTHERN-TAMALE NORTH SUB METRO-Tamale-Cassava-91 KG-Wholesale-GHS,41.87
2019-11-15,NORTHERN-TAMALE NORTH SUB METRO-Tamale-Cassava-91 KG-Wholesale-GHS,41.71
2019-11-15,NORTHERN-TAMALE NORTH SUB METRO-Tamale-Cassava-91 KG-Wholesale-GHS,41.71
2019-11-15,NORTHERN-TAMALE NORTH SUB METRO-Tamale-Cassava-91 KG-Wholesale-GHS,41.71
2019-12-15,NORTHERN-TAMALE NORTH SUB METRO-Tamale-Cassava-91 KG-Wholesale-GHS,39.38
2020-01-15,NORTHERN-TAMALE NORTH SUB METRO-Tamale-Cassava-91 KG-Wholesale-GHS,39.87
2020-01-15,NORTHERN-TAMALE NORTH SUB METRO-Tamale-Cassava-91 KG-Wholesale-GHS,39.87
2020-03-15,NORTHERN-TAMALE NORTH SUB METRO-Tamale-Cassava-91 KG-Wholesale-GHS,40.78
2020-03-15,NORTHERN-TAMALE NORTH SUB METRO-Tamale-Cassava-91 KG-Wholesale-GHS,40.78
2020-04-15,NORTHERN-TAMALE NORTH SUB METRO-Tamale-Cassava-91 KG-Wholesale-GHS,22.68
2020-06-15,NORTHERN-TAMALE NORTH SUB METRO-Tamale-Cassava-91 KG-Wholesale-GHS,27.34
2020-06-15,NORTHERN-TAMALE NORTH SUB METRO-Tamale-Cassava-91 KG-Wholesale-GHS,27.34
2020-07-15,NORTHERN-TAMALE NORTH SUB METRO-Tamale-Cassava-91 KG-Wholesale-GHS,36.49
2020-07-15,NORTHERN-TAMALE NORTH SUB METRO-Tamale-Cassava-91 KG-Wholesale-GHS,36.49
2020-08-15,NORTHERN-TAMALE NORTH SUB METRO-Tamale-Cassava-91 KG-Wholesale-GHS,36.49
2020-08-15,NORTHERN-TAMALE NORTH SUB METRO-Tamale-Cassava-91 KG-Wholesale-GHS,36.49
2020-09-15,NORTHERN-TAMALE NORTH SUB METRO-Tamale-Cassava-91 KG-Wholesale-GHS,36.3
2020-10-15,NORTHERN-TAMALE NORTH SUB METRO-Tamale-Cassava-91 KG-Wholesale-GHS,50.17
2020-12-15,NORTHERN-TAMALE NORTH SUB METRO-Tamale-Cassava-91 KG-Wholesale-GHS,49.65
2021-04-15,NORTHERN-TAMALE NORTH SUB METRO-Tamale-Cassava-91 KG-Wholesale-GHS,36.11
2021-05-15,NORTHERN-TAMALE NORTH SUB METRO-Tamale-Cassava-91 KG-Wholesale-GHS,36.24
2021-07-15,NORTHERN-TAMALE NORTH SUB METRO-Tamale-Cassava-91 KG-Wholesale-GHS,35.19
2021-08-15,NORTHERN-TAMALE NORTH SUB METRO-Tamale-Cassava-91 KG-Wholesale-GHS,43.55
2021-09-15,NORTHERN-TAMALE NORTH SUB METRO-Tamale-Cassava-91 KG-Wholesale-GHS,43.84
2021-09-15,NORTHERN-TAMALE NORTH SUB METRO-Tamale-Cassava-91 KG-Wholesale-GHS,43.84
2021-11-15,NORTHERN-TAMALE NORTH SUB METRO-Tamale-Cassava-91 KG-Wholesale-GHS,43.12
2021-12-15,NORTHERN-TAMALE NORTH SUB METRO-Tamale-Cassava-91 KG-Wholesale-GHS,43.12
2021-12-15,NORTHERN-TAMALE NORTH SUB METRO-Tamale-Cassava-91 KG-Wholesale-GHS,43.12
2022-04-15,NORTHERN-TAMALE NORTH SUB METRO-Tamale-Cassava-91 KG-Wholesale-GHS,27.92
2022-06-15,NORTHERN-TAMALE NORTH SUB METRO-Tamale-Cassava-91 KG-Wholesale-GHS,26.5
2022-06-15,NORTHERN-TAMALE NORTH SUB METRO-Tamale-Cassava-91 KG-Wholesale-GHS,26.5
2022-07-15,NORTHERN-TAMALE NORTH SUB METRO-Tamale-Cassava-91 KG-Wholesale-GHS,26.07
2022-10-15,NORTHERN-TAMALE NORTH SUB METRO-Tamale-Cassava-91 KG-Wholesale-GHS,18.15
2022-10-15,NORTHERN-TAMALE NORTH SUB METRO-Tamale-Cassava-91 KG-Wholesale-GHS,18.15
2022-11-15,NORTHERN-TAMALE NORTH SUB METRO-Tamale-Cassava-91 KG-Wholesale-GHS,17.77
2023-01-15,NORTHERN-TAMALE NORTH SUB METRO-Tamale-Cassava-91 KG-Wholesale-GHS,25.85
2023-01-15,NORTHERN-TAMALE NORTH SUB METRO-Tamale-Cassava-91 KG-Wholesale-GHS,25.85
2023-02-15,NORTHERN-TAMALE NORTH SUB METRO-Tamale-Cassava-91 KG-Wholesale-GHS,24.77
2023-02-15,NORTHERN-TAMALE NORTH SUB METRO-Tamale-Cassava-91 KG-Wholesale-GHS,24.77
2023-03-15,NORTHERN-TAMALE NORTH SUB METRO-Tamale-Cassava-91 KG-Wholesale-GHS,24.37
2023-03-15,NORTHERN-TAMALE NORTH SUB METRO-Tamale-Cassava-91 KG-Wholesale-GHS,24.37
2023-04-15,NORTHERN-TAMALE NORTH SUB METRO-Tamale-Cassava-91 KG-Wholesale-GHS,112.13
2023-07-15,NORTHERN-TAMALE NORTH SUB METRO-Tamale-Cassava-91 KG-Wholesale-GHS,30.33
2006-02-15,BRONG AHAFO-TECHIMAN MUNICIPAL-Techiman-Rice (local)-50 KG-Wholesale-GHS,24.33
2006-03-15,BRONG AHAFO-TECHIMAN MUNICIPAL-Techiman-Rice (local)-50 KG-Wholesale-GHS,19.46
2006-04-15,BRONG AHAFO-TECHIMAN MUNICIPAL-Techiman-Rice (local)-50 KG-Wholesale-GHS,23.91
2006-09-15,BRONG AHAFO-TECHIMAN MUNICIPAL-Techiman-Rice (local)-50 KG-Wholesale-GHS,26.09
2006-11-15,BRONG AHAFO-TECHIMAN MUNICIPAL-Techiman-Rice (local)-50 KG-Wholesale-GHS,26.09
2006-12-15,BRONG AHAFO-TECHIMAN MUNICIPAL-Techiman-Rice (local)-50 KG-Wholesale-GHS,26.09
2007-01-15,BRONG AHAFO-TECHIMAN MUNICIPAL-Techiman-Rice (local)-50 KG-Wholesale-GHS,24.24
2007-01-15,BRONG AHAFO-TECHIMAN MUNICIPAL-Techiman-Rice (local)-50 KG-Wholesale-GHS,24.24
2007-02-15,BRONG AHAFO-TECHIMAN MUNICIPAL-Techiman-Rice (local)-50 KG-Wholesale-GHS,23.37
2007-04-15,BRONG AHAFO-TECHIMAN MUNICIPAL-Techiman-Rice (local)-50 KG-Wholesale-GHS,5
2007-05-15,BRONG AHAFO-TECHIMAN MUNICIPAL-Techiman-Rice (local)-50 KG-Wholesale-GHS,32.61
2007-06-15,BRONG AHAFO-TECHIMAN MUNICIPAL-Techiman-Rice (local)-50 KG-Wholesale-GHS,26.09
2007-07-15,BRONG AHAFO-TECHIMAN MUNICIPAL-Techiman-Rice (local)-50 KG-Wholesale-GHS,22.58
2007-08-15,BRONG AHAFO-TECHIMAN MUNICIPAL-Techiman-Rice (local)-50 KG-Wholesale-GHS,29.57
2007-08-15,BRONG AHAFO-TECHIMAN MUNICIPAL-Techiman-Rice (local)-50 KG-Wholesale-GHS,29.57
2007-09-15,BRONG AHAFO-TECHIMAN MUNICIPAL-Techiman-Rice (local)-50 KG-Wholesale-GHS,29.47
2007-09-15,BRONG AHAFO-TECHIMAN MUNICIPAL-Techiman-Rice (local)-50 KG-Wholesale-GHS,29.47
2007-10-15,BRONG AHAFO-TECHIMAN MUNICIPAL-Techiman-Rice (local)-50 KG-Wholesale-GHS,30.32
2007-10-15,BRONG AHAFO-TECHIMAN MUNICIPAL-Techiman-Rice (local)-50 KG-Wholesale-GHS,30.32
2007-11-15,BRONG AHAFO-TECHIMAN MUNICIPAL-Techiman-Rice (local)-50 KG-Wholesale-GHS,28.12
2007-12-15,BRONG AHAFO-TECHIMAN MUNICIPAL-Techiman-Rice (local)-50 KG-Wholesale-GHS,30.79
2007-12-15,BRONG AHAFO-TECHIMAN MUNICIPAL-Techiman-Rice (local)-50 KG-Wholesale-GHS,30.79
2008-01-15,BRONG AHAFO-TECHIMAN MUNICIPAL-Techiman-Rice (local)-50 KG-Wholesale-GHS,31.58
2008-02-15,BRONG AHAFO-TECHIMAN MUNICIPAL-Techiman-Rice (local)-50 KG-Wholesale-GHS,31.25
2008-02-15,BRONG AHAFO-TECHIMAN MUNICIPAL-Techiman-Rice (local)-50 KG-Wholesale-GHS,31.25
2008-03-15,BRONG AHAFO-TECHIMAN MUNICIPAL-Techiman-Rice (local)-50 KG-Wholesale-GHS,31.25
2008-04-15,BRONG AHAFO-TECHIMAN MUNICIPAL-Techiman-Rice (local)-50 KG-Wholesale-GHS,27.17
2008-05-15,BRONG AHAFO-TECHIMAN MUNICIPAL-Techiman-Rice (local)-50 KG-Wholesale-GHS,32.99
2008-07-15,BRONG AHAFO-TECHIMAN MUNICIPAL-Techiman-Rice (local)-50 KG-Wholesale-GHS,44.09
2008-07-15,BRONG AHAFO-TECHIMAN MUNICIPAL-Techiman-Rice (local)-50 KG-Wholesale-GHS,44.09
2008-07-15,BRONG AHAFO-TECHIMAN MUNICIPAL-Techiman-Rice (local)-50 KG-Wholesale-GHS,44.09
2008-08-15,BRONG AHAFO-TECHIMAN MUNICIPAL-Techiman-Rice (local)-50 KG-Wholesale-GHS,43.16
2008-08-15,BRONG AHAFO-TECHIMAN MUNICIPAL-Techiman-Rice (local)-50 KG-Wholesale-GHS,43.16
2008-09-15,BRONG AHAFO-TECHIMAN MUNICIPAL-Techiman-Rice (local)-50 KG-Wholesale-GHS,53.91
2008-11-15,BRONG AHAFO-TECHIMAN MUNICIPAL-Techiman-Rice (local)-50 KG-Wholesale-GHS,42.02
2008-12-15,BRONG AHAFO-TECHIMAN MUNICIPAL-Techiman-Rice (local)-50 KG-Wholesale-GHS,37.62
2008-12-15,BRONG AHAFO-TECHIMAN MUNICIPAL-Techiman-Rice (local)-50 KG-Wholesale-GHS,37.62
2008-12-15,BRONG AHAFO-TECHIMAN MUNICIPAL-Techiman-Rice (local)-50 KG-Wholesale-GHS,37.62
2009-01-15,BRONG AHAFO-TECHIMAN MUNICIPAL-Techiman-Rice (local)-50 KG-Wholesale-GHS,34.77
2009-02-15,BRONG AHAFO-TECHIMAN MUNICIPAL-Techiman-Rice (local)-50 KG-Wholesale-GHS,25.49
2009-02-15,BRONG AHAFO-TECHIMAN MUNICIPAL-Techiman-Rice (local)-50 KG-Wholesale-GHS,25.49
2009-03-15,BRONG AHAFO-TECHIMAN MUNICIPAL-Techiman-Rice (local)-50 KG-Wholesale-GHS,24.29
2009-04-15,BRONG AHAFO-TECHIMAN MUNICIPAL-Techiman-Rice (local)-50 KG-Wholesale-GHS,24.82
2009-04-15,BRONG AHAFO-TECHIMAN MUNICIPAL-Techiman-Rice (local)-50 KG-Wholesale-GHS,24.82
2009-07-15,BRONG AHAFO-TECHIMAN MUNICIPAL-Techiman-Rice (local)-50 KG-Wholesale-GHS,35.23
2009-09-15,BRONG AHAFO-TECHIMAN MUNICIPAL-Techiman-Rice (local)-50 KG-Wholesale-GHS,33.9
2009-10-15,BRONG AHAFO-TECHIMAN MUNICIPAL-Techiman-Rice (local)-50 KG-Wholesale-GHS,31.77
2009-11-15,BRONG AHAFO-TECHIMAN MUNICIPAL-Techiman-Rice (local)-50 KG-Wholesale-GHS,29.9
2009-12-15,BRONG AHAFO-TECHIMAN MUNICIPAL-Techiman-Rice (local)-50 KG-Wholesale-GHS,30.11
2009-12-15,BRONG AHAFO-TECHIMAN MUNICIPAL-Techiman-Rice (local)-50 KG-Wholesale-GHS,30.11
2010-02-15,BRONG AHAFO-TECHIMAN MUNICIPAL-Techiman-Rice (local)-50 KG-Wholesale-GHS,29.63
2010-02-15,BRONG AHAFO-TECHIMAN MUNICIPAL-Techiman-Rice (local)-50 KG-Wholesale-GHS,29.63
2010-02-15,BRONG AHAFO-TECHIMAN MUNICIPAL-Techiman-Rice (local)-50 KG-Wholesale-GHS,29.63
2010-02-15,BRONG AHAFO-TECHIMAN MUNICIPAL-Techiman-Rice (local)-50 KG-Wholesale-GHS,29.63
2010-04-15,BRONG AHAFO-TECHIMAN MUNICIPAL-Techiman-Rice (local)-50 KG-Wholesale-GHS,27.64
2010-05-15,BRONG AHAFO-TECHIMAN MUNICIPAL-Techiman-Rice (local)-50 KG-Wholesale-GHS,26.27
2010-06-15,BRONG AHAFO-TECHIMAN MUNICIPAL-Techiman-Rice (local)-50 KG-Wholesale-GHS,29.2
2010-07-15,BRONG AHAFO-TECHIMAN MUNICIPAL-Techiman-Rice (local)-50 KG-Wholesale-GHS,27.81
2010-08-15,BRONG AHAFO-TECHIMAN MUNICIPAL-Techiman-Rice (local)-50 KG-Wholesale-GHS,28.36
2010-09-15,BRONG AHAFO-TECHIMAN MUNICIPAL-Techiman-Rice (local)-50 KG-Wholesale-GHS,25.79
2010-09-15,BRONG AHAFO-TECHIMAN MUNICIPAL-Techiman-Rice (local)-50 KG-Wholesale-GHS,25.79
2010-09-15,BRONG AHAFO-TECHIMAN MUNICIPAL-Techiman-Rice (local)-50 KG-Wholesale-GHS,25.79
2010-10-15,BRONG AHAFO-TECHIMAN MUNICIPAL-Techiman-Rice (local)-50 KG-Wholesale-GHS,27.2
2011-01-15,BRONG AHAFO-TECHIMAN MUNICIPAL-Techiman-Rice (local)-50 KG-Wholesale-GHS,23.82
2011-01-15,BRONG AHAFO-TECHIMAN MUNICIPAL-Techiman-Rice (local)-50 KG-Wholesale-GHS,23.82
2011-02-15,BRONG AHAFO-TECHIMAN MUNICIPAL-Techiman-Rice (local)-50 KG-Wholesale-GHS,22.32
2011-03-15,BRONG AHAFO-TECHIMAN MUNICIPAL-Techiman-Rice (local)-50 KG-Wholesale-GHS,26.14
2011-03-15,BRONG AHAFO-TECHIMAN MUNICIPAL-Techiman-Rice (local)-50 KG-Wholesale-GHS,26.14
2011-06-15,BRONG AHAFO-TECHIMAN MUNICIPAL-Techiman-Rice (local)-50 KG-Wholesale-GHS,32.78
2011-06-15,BRONG AHAFO-TECHIMAN MUNICIPAL-Techiman-Rice (local)-50 KG-Wholesale-GHS,32.78
2011-08-15,BRONG AHAFO-TECHIMAN MUNICIPAL-Techiman-Rice (local)-50 KG-Wholesale-GHS,36.17
2011-10-15,BRONG AHAFO-TECHIMAN MUNICIPAL-Techiman-Rice (local)-50 KG-Wholesale-GHS,34.98
2011-10-15,BRONG AHAFO-TECHIMAN MUNICIPAL-Techiman-Rice (local)-50 KG-Wholesale-GHS,34.98
2011-11-15,BRONG AHAFO-TECHIMAN MUNICIPAL-Techiman-Rice (local)-50 KG-Wholesale-GHS,35.71
2011-12-15,BRONG AHAFO-TECHIMAN MUNICIPAL-Techiman-Rice (local)-50 KG-Wholesale-GHS,42.68
2012-01-15,BRONG AHAFO-TECHIMAN MUNICIPAL-Techiman-Rice (local)-50 KG-Wholesale-GHS,39.11
2012-01-15,BRONG AHAFO-TECHIMAN MUNICIPAL-Techiman-Rice (local)-50 KG-Wholesale-GHS,39.11
2012-01-15,BRONG AHAFO-TECHIMAN MUNICIPAL-Techiman-Rice (local)-50 KG-Wholesale-GHS,39.11
2012-01-15,BRONG AHAFO-TECHIMAN MUNICIPAL-Techiman-Rice (local)-50 KG-Wholesale-GHS,39.11
2012-02-15,BRONG AHAFO-TECHIMAN MUNICIPAL-Techiman-Rice (local)-50 KG-Wholesale-GHS,37.06
2012-04-15,BRONG AHAFO-TECHIMAN MUNICIPAL-Techiman-Rice (local)-50 KG-Wholesale-GHS,35.28
2012-06-15,BRONG AHAFO-TECHIMAN MUNICIPAL-Techiman-Rice (local)-50 KG-Wholesale-GHS,36.68
2012-06-15,BRONG AHAFO-TECHIMAN MUNICIPAL-Techiman-Rice (local)-50 KG-Wholesale-GHS,36.68
2012-08-15,BRONG AHAFO-TECHIMAN MUNICIPAL-Techiman-Rice (local)-50 KG-Wholesale-GHS,38.66
2012-08-15,BRONG AHAFO-TECHIMAN MUNICIPAL-Techiman-Rice (local)-50 KG-Wholesale-GHS,38.66
2012-09-15,BRONG AHAFO-TECHIMAN MUNICIPAL-Techiman-Rice (local)-50 KG-Wholesale-GHS,40.08
2012-11-15,BRONG AHAFO-TECHIMAN MUNICIPAL-Techiman-Rice (local)-50 KG-Wholesale-GHS,39.89
2013-01-15,BRONG AHAFO-TECHIMAN MUNICIPAL-Techiman-Rice (local)-50 KG-Wholesale-GHS,39.47
2013-03-15,BRONG AHAFO-TECHIMAN MUNICIPAL-Techiman-Rice (local)-50 KG-Wholesale-GHS,38.86
2013-04-15,BRONG AHAFO-TECHIMAN MUNICIPAL-Techiman-Rice (local)-50 KG-Wholesale-GHS,38.4
2013-05-15,BRONG AHAFO-TECHIMAN MUNICIPAL-Techiman-Rice (local)-50 KG-Wholesale-GHS,36.68
2013-06-15,BRONG AHAFO-TECHIMAN MUNICIPAL-Techiman-Rice (local)-50 KG-Wholesale-GHS,36.5
2013-06-15,BRONG AHAFO-TECHIMAN MUNICIPAL-Techiman-Rice (local)-50 KG-Wholesale-GHS,36.5
2013-07-15,BRONG AHAFO-TECHIMAN MUNICIPAL-Techiman-Rice (local)-50 KG-Wholesale-GHS,36.52
2013-08-15,BRONG AHAFO-TECHIMAN MUNICIPAL-Techiman-Rice (local)-50 KG-Wholesale-GHS,35.38
2013-09-15,BRONG AHAFO-TECHIMAN MUNICIPAL-Techiman-Rice (local)-50 KG-Wholesale-GHS,35.48
2013-09-15,BRONG AHAFO-TECHIMAN MUNICIPAL-Techiman-Rice (local)-50 KG-Wholesale-GHS,35.48
2013-10-15,BRONG AHAFO-TECHIMAN MUNICIPAL-Techiman-Rice (local)-50 KG-Wholesale-GHS,39.35
2013-12-15,BRONG AHAFO-TECHIMAN MUNICIPAL-Techiman-Rice (local)-50 KG-Wholesale-GHS,37.01
2013-12-15,BRONG AHAFO-TECHIMAN MUNICIPAL-Techiman-Rice (local)-50 KG-Wholesale-GHS,37.01
2014-01-15,BRONG AHAFO-TECHIMAN MUNICIPAL-Techiman-Rice (local)-50 KG-Wholesale-GHS,35.56
2014-03-15,BRONG AHAFO-TECHIMAN MUNICIPAL-Techiman-Rice (local)-50 KG-Wholesale-GHS,32.51
2014-05-15,BRONG AHAFO-TECHIMAN MUNICIPAL-Techiman-Rice (local)-50 KG-Wholesale-GHS,29.31
2014-06-15,BRONG AHAFO-TECHIMAN MUNICIPAL-Techiman-Rice (local)-50 KG-Wholesale-GHS,41.98
2014-08-15,BRONG AHAFO-TECHIMAN MUNICIPAL-Techiman-Rice (local)-50 KG-Wholesale-GHS,39
2014-09-15,BRONG AHAFO-TECHIMAN MUNICIPAL-Techiman-Rice (local)-50 KG-Wholesale-GHS,39.55
2014-09-15,BRONG AHAFO-TECHIMAN MUNICIPAL-Techiman-Rice (local)-50 KG-Wholesale-GHS,39.55
2014-12-15,BRONG AHAFO-TECHIMAN MUNICIPAL-Techiman-Rice (local)-50 KG-Wholesale-GHS,43.75
2015-01-15,BRONG AHAFO-TECHIMAN MUNICIPAL-Techiman-Rice (local)-50 KG-Wholesale-GHS,26.23
2015-02-15,BRONG AHAFO-TECHIMAN MUNICIPAL-Techiman-Rice (local)-50 KG-Wholesale-GHS,29.41
2015-03-15,BRONG AHAFO-TECHIMAN MUNICIPAL-Techiman-Rice (local)-50 KG-Wholesale-GHS,27.78
2015-03-15,BRONG AHAFO-TECHIMAN MUNICIPAL-Techiman-Rice (local)-50 KG-Wholesale-GHS,27.78
2015-03-15,BRONG AHAFO-TECHIMAN MUNICIPAL-Techiman-Rice (local)-50 KG-Wholesale-GHS,27.78
2015-04-15,BRONG AHAFO-TECHIMAN MUNICIPAL-Techiman-Rice (local)-50 KG-Wholesale-GHS,26.11
2015-06-15,BRONG AHAFO-TECHIMAN MUNICIPAL-Techiman-Rice (local)-50 KG-Wholesale-GHS,28.58
2015-07-15,BRONG AHAFO-TECHIMAN MUNICIPAL-Techiman-Rice (local)-50 KG-Wholesale-GHS,37.13
2015-07-15,BRONG AHAFO-TECHIMAN MUNICIPAL-Techiman-Rice (local)-50 KG-Wholesale-GHS,37.13
2015-08-15,BRONG AHAFO-TECHIMAN MUNICIPAL-Techiman-Rice (local)-50 KG-Wholesale-GHS,30.56
2015-10-15,BRONG AHAFO-TECHIMAN MUNICIPAL-Techiman-Rice (local)-50 KG-Wholesale-GHS,68.98
2015-10-15,BRONG AHAFO-TECHIMAN MUNICIPAL-Techiman-Rice (local)-50 KG-Wholesale-GHS,68.98
2015-11-15,BRONG AHAFO-TECHIMAN MUNICIPAL-Techiman-Rice (local)-50 KG-Wholesale-GHS,65.79
2015-12-15,BRONG AHAFO-TECHIMAN MUNICIPAL-Techiman-Rice (local)-50 KG-Wholesale-GHS,67.31
2015-12-15,BRONG AHAFO-TECHIMAN MUNICIPAL-Techiman-Rice (local)-50 KG-Wholesale-GHS,67.31
2015-12-15,BRONG AHAFO-TECHIMAN MUNICIPAL-Techiman-Rice (local)-50 KG-Wholesale-GHS,67.31
2016-02-15,BRONG AHAFO-TECHIMAN MUNICIPAL-Techiman-Rice (local)-50 KG-Wholesale-GHS,59.34
2016-03-15,BRONG AHAFO-TECHIMAN MUNICIPAL-Techiman-Rice (local)-50 KG-Wholesale-GHS,58.59
2016-04-15,BRONG AHAFO-TECHIMAN MUNICIPAL-Techiman-Rice (local)-50 KG-Wholesale-GHS,60.37
2016-04-15,BRONG AHAFO-TECHIMAN MUNICIPAL-Techiman-Rice (local)-50 KG-Wholesale-GHS,60.37
2016-04-15,BRONG AHAFO-TECHIMAN MUNICIPAL-Techiman-Rice (local)-50 KG-Wholesale-GHS,60.37
2016-04-15,BRONG AHAFO-TECHIMAN MUNICIPAL-Techiman-Rice (local)-50 KG-Wholesale-GHS,60.37
2016-05-15,BRONG AHAFO-TECHIMAN MUNICIPAL-Techiman-Rice (local)-50 KG-Wholesale-GHS,60.37
2016-06-15,BRONG AHAFO-TECHIMAN MUNICIPAL-Techiman-Rice (local)-50 KG-Wholesale-GHS,59.59
2016-06-15,BRONG AHAFO-TECHIMAN MUNICIPAL-Techiman-Rice (local)-50 KG-Wholesale-GHS,59.59
2016-07-15,BRONG AHAFO-TECHIMAN MUNICIPAL-Techiman-Rice (local)-50 KG-Wholesale-GHS,59.54
2016-08-15,BRONG AHAFO-TECHIMAN MUNICIPAL-Techiman-Rice (local)-50 KG-Wholesale-GHS,64.94
2016-08-15,BRONG AHAFO-TECHIMAN MUNICIPAL-Techiman-Rice (local)-50 KG-Wholesale-GHS,64.94
2016-09-15,BRONG AHAFO-TECHIMAN MUNICIPAL-Techiman-Rice (local)-50 KG-Wholesale-GHS,68.18
2016-09-15,BRONG AHAFO-TECHIMAN MUNICIPAL-Techiman-Rice (local)-50 KG-Wholesale-GHS,68.18
2016-10-15,BRONG AHAFO-TECHIMAN MUNICIPAL-Techiman-Rice (local)-50 KG-Wholesale-GHS,75.06
2016-11-15,BRONG AHAFO-TECHIMAN MUNICIPAL-Techiman-Rice (local)-50 KG-Wholesale-GHS,58.14
2016-12-15,BRONG AHAFO-TECHIMAN MUNICIPAL-Techiman-Rice (local)-50 KG-Wholesale-GHS,50.61
2017-01-15,BRONG AHAFO-TECHIMAN MUNICIPAL-Techiman-Rice (local)-50 KG-Wholesale-GHS,50.61
2017-01-15,BRONG AHAFO-TECHIMAN MUNICIPAL-Techiman-Rice (local)-50 KG-Wholesale-GHS,50.61
2017-02-15,BRONG AHAFO-TECHIMAN MUNICIPAL-Techiman-Rice (local)-50 KG-Wholesale-GHS,48.97
2017-02-15,BRONG AHAFO-TECHIMAN MUNICIPAL-Techiman-Rice (local)-50 KG-Wholesale-GHS,48.97
2017-05-15,BRONG AHAFO-TECHIMAN MUNICIPAL-Techiman-Rice (local)-50 KG-Wholesale-GHS,50.6
2017-05-15,BRONG AHAFO-TECHIMAN MUNICIPAL-Techiman-Rice (local)-50 KG-Wholesale-GHS,50.6
2017-05-15,BRONG AHAFO-TECHIMAN MUNICIPAL-Techiman-Rice (local)-50 KG-Wholesale-GHS,50.6
2017-06-15,BRONG AHAFO-TECHIMAN MUNICIPAL-Techiman-Rice (local)-50 KG-Wholesale-GHS,22.78
2017-07-15,BRONG AHAFO-TECHIMAN MUNICIPAL-Techiman-Rice (local)-50 KG-Wholesale-GHS,26.42
2017-07-15,BRONG AHAFO-TECHIMAN MUNICIPAL-Techiman-Rice (local)-50 KG-Wholesale-GHS,26.42
2017-09-15,BRONG AHAFO-TECHIMAN MUNICIPAL-Techiman-Rice (local)-50 KG-Wholesale-GHS,30.05
2017-09-15,BRONG AHAFO-TECHIMAN MUNICIPAL-Techiman-Rice (local)-50 KG-Wholesale-GHS,30.05
2017-11-15,BRONG AHAFO-TECHIMAN MUNICIPAL-Techiman-Rice (local)-50 KG-Wholesale-GHS,24.12
2017-12-15,BRONG AHAFO-TECHIMAN MUNICIPAL-Techiman-Rice (local)-50 KG-Wholesale-GHS,24.72
2017-12-15,BRONG AHAFO-TECHIMAN MUNICIPAL-Techiman-Rice (local)-50 KG-Wholesale-GHS,24.72
2017-12-15,BRONG AHAFO-TECHIMAN MUNICIPAL-Techiman-Rice (local)-50 KG-Wholesale-GHS,24.72
2017-12-15,BRONG AHAFO-TECHIMAN MUNICIPAL-Techiman-Rice (local)-50 KG-Wholesale-GHS,24.72
2018-01-15,BRONG AHAFO-TECHIMAN MUNICIPAL-Techiman-Rice (local)-50 KG-Wholesale-GHS,26.16
2018-02-15,BRONG AHAFO-TECHIMAN MUNICIPAL-Techiman-Rice (local)-50 KG-Wholesale-GHS,25.9
2018-02-15,BRONG AHAFO-TECHIMAN MUNICIPAL-Techiman-Rice (local)-50 KG-Wholesale-GHS,25.9
2018-03-15,BRONG AHAFO-TECHIMAN MUNICIPAL-Techiman-Rice (local)-50 KG-Wholesale-GHS,26.08
2018-04-15,BRONG AHAFO-TECHIMAN MUNICIPAL-Techiman-Rice (local)-50 KG-Wholesale-GHS,26
2018-05-15,BRONG AHAFO-TECHIMAN MUNICIPAL-Techiman-Rice (local)-50 KG-Wholesale-GHS,25.16
2018-05-15,BRONG AHAFO-TECHIMAN MUNICIPAL-Techiman-Rice (local)-50 KG-Wholesale-GHS,25.16
2018-05-15,BRONG AHAFO-TECHIMAN MUNICIPAL-Techiman-Rice (local)-50 KG-Wholesale-GHS,25.16
2018-07-15,BRONG AHAFO-TECHIMAN MUNICIPAL-Techiman-Rice (local)-50 KG-Wholesale-GHS,29.37
2018-07-15,BRONG AHAFO-TECHIMAN MUNICIPAL-Techiman-Rice (local)-50 KG-Wholesale-GHS,29.37
2018-08-15,BRONG AHAFO-TECHIMAN MUNICIPAL-Techiman-Rice (local)-50 KG-Wholesale-GHS,27.88
2018-09-15,BRONG AHAFO-TECHIMAN MUNICIPAL-Techiman-Rice (local)-50 KG-Wholesale-GHS,32.1
2018-09-15,BRONG AHAFO-TECHIMAN MUNICIPAL-Techiman-Rice (local)-50 KG-Wholesale-GHS,32.1
2018-10-15,BRONG AHAFO-TECHIMAN MUNICIPAL-Techiman-Rice (local)-50 KG-Wholesale-GHS,33.23
2018-11-15,BRONG AHAFO-TECHIMAN MUNICIPAL-Techiman-Rice (local)-50 KG-Wholesale-GHS,29.88
2019-01-15,BRONG AHAFO-TECHIMAN MUNICIPAL-Techiman-Rice (local)-50 KG-Wholesale-GHS,25.62
2019-02-15,BRONG AHAFO-TECHIMAN MUNICIPAL-Techiman-Rice (local)-50 KG-Wholesale-GHS,25
2019-07-15,BRONG AHAFO-TECHIMAN MUNICIPAL-Techiman-Rice (local)-50 KG-Wholesale-GHS,22.52
2019-08-15,BRONG AHAFO-TECHIMAN MUNICIPAL-Techiman-Rice (local)-50 KG-Wholesale-GHS,24.78
2019-09-15,BRONG AHAFO-TECHIMAN MUNICIPAL-Techiman-Rice (local)-50 KG-Wholesale-GHS,26.23
2019-10-15,BRONG AHAFO-TECHIMAN MUNICIPAL-Techiman-Rice (local)-50 KG-Wholesale-GHS,26.15
2019-12-15,BRONG AHAFO-TECHIMAN MUNICIPAL-Techiman-Rice (local)-50 KG-Wholesale-GHS,25
2019-12-15,BRONG AHAFO-TECHIMAN MUNICIPAL-Techiman-Rice (local)-50 KG-Wholesale-GHS,25
2019-12-15,BRONG AHAFO-TECHIMAN MUNICIPAL-Techiman-Rice (local)-50 KG-Wholesale-GHS,25
2019-12-15,BRONG AHAFO-TECHIMAN MUNICIPAL-Techiman-Rice (local)-50 KG-Wholesale-GHS,25
2020-02-15,BRONG AHAFO-TECHIMAN MUNICIPAL-Techiman-Rice (local)-50 KG-Wholesale-GHS,22.95
2020-03-15,BRONG AHAFO-TECHIMAN MUNICIPAL-Techiman-Rice (local)-50 KG-Wholesale-GHS,25.29
2020-03-15,BRONG AHAFO-TECHIMAN MUNICIPAL-Techiman-Rice (local)-50 KG-Wholesale-GHS,25.29
2020-04-15,BRONG AHAFO-TECHIMAN MUNICIPAL-Techiman-Rice (local)-50 KG-Wholesale-GHS,21.51
2020-04-15,BRONG AHAFO-TECHIMAN MUNICIPAL-Techiman-Rice (local)-50 KG-Wholesale-GHS,21.51
2020-05-15,BRONG AHAFO-TECHIMAN MUNICIPAL-Techiman-Rice (local)-50 KG-Wholesale-GHS,22.46
2020-08-15,BRONG AHAFO-TECHIMAN MUNICIPAL-Techiman-Rice (local)-50 KG-Wholesale-GHS,25.23
2020-08-15,BRONG AHAFO-TECHIMAN MUNICIPAL-Techiman-Rice (local)-50 KG-Wholesale-GHS,25.23
2020-08-15,BRONG AHAFO-TECHIMAN MUNICIPAL-Techiman-Rice (local)-50 KG-Wholesale-GHS,25.23
2020-09-15,BRONG AHAFO-TECHIMAN MUNICIPAL-Techiman-Rice (local)-50 KG-Wholesale-GHS,25.92
2020-11-15,BRONG AHAFO-TECHIMAN MUNICIPAL-Techiman-Rice (local)-50 KG-Wholesale-GHS,37.13
2020-11-15,BRONG AHAFO-TECHIMAN MUNICIPAL-Techiman-Rice (local)-50 KG-Wholesale-GHS,37.13
2020-12-15,BRONG AHAFO-TECHIMAN MUNICIPAL-Techiman-Rice (local)-50 KG-Wholesale-GHS,37.26
2020-12-15,BRONG AHAFO-TECHIMAN MUNICIPAL-Techiman-Rice (local)-50 KG-Wholesale-GHS,37.26
2021-01-15,BRONG AHAFO-TECHIMAN MUNICIPAL-Techiman-Rice (local)-50 KG-Wholesale-GHS,30.75
2021-01-15,BRONG AHAFO-TECHIMAN MUNICIPAL-Techiman-Rice (local)-50 KG-Wholesale-GHS,30.75
2021-03-15,BRONG AHAFO-TECHIMAN MUNICIPAL-Techiman-Rice (local)-50 KG-Wholesale-GHS,28.42
2021-03-15,BRONG AHAFO-TECHIMAN MUNICIPAL-Techiman-Rice (local)-50 KG-Wholesale-GHS,28.42
2021-04-15,BRONG AHAFO-TECHIMAN MUNICIPAL-Techiman-Rice (local)-50 KG-Wholesale-GHS,28.12
2021-05-15,BRONG AHAFO-TECHIMAN MUNICIPAL-Techiman-Rice (local)-50 KG-Wholesale-GHS,34.49
2021-05-15,BRONG AHAFO-TECHIMAN MUNICIPAL-Techiman-Rice (local)-50 KG-Wholesale-GHS,34.49
2021-06-15,BRONG AHAFO-TECHIMAN MUNICIPAL-Techiman-Rice (local)-50 KG-Wholesale-GHS,31.2
2021-06-15,BRONG AHAFO-TECHIMAN MUNICIPAL-Techiman-Rice (local)-50 KG-Wholesale-GHS,31.2
2021-07-15,BRONG AHAFO-TECHIMAN MUNICIPAL-Techiman-Rice (local)-50 KG-Wholesale-GHS,33.5
2021-07-15,BRONG AHAFO-TECHIMAN MUNICIPAL-Techiman-Rice (local)-50 KG-Wholesale-GHS,33.5
2021-08-15,BRONG AHAFO-TECHIMAN MUNICIPAL-Techiman-Rice (local)-50 KG-Wholesale-GHS,33.16
2021-09-15,BRONG AHAFO-TECHIMAN MUNICIPAL-Techiman-Rice (local)-50 KG-Wholesale-GHS,33.39
2021-10-15,BRONG AHAFO-TECHIMAN MUNICIPAL-Techiman-Rice (local)-50 KG-Wholesale-GHS,33.11
2021-12-15,BRONG AHAFO-TECHIMAN MUNICIPAL-Techiman-Rice (local)-50 KG-Wholesale-GHS,32.59
2022-01-15,BRONG AHAFO-TECHIMAN MUNICIPAL-Techiman-Rice (local)-50 KG-Wholesale-GHS,30.87
2022-05-15,BRONG AHAFO-TECHIMAN MUNICIPAL-Techiman-Rice (local)-50 KG-Wholesale-GHS,25.78
2022-06-15,BRONG AHAFO-TECHIMAN MUNICIPAL-Techiman-Rice (local)-50 KG-Wholesale-GHS,24.5
2022-07-15,BRONG AHAFO-TECHIMAN MUNICIPAL-Techiman-Rice (local)-50 KG-Wholesale-GHS,24.12
2022-07-15,BRONG AHAFO-TECHIMAN MUNICIPAL-Techiman-Rice (local)-50 KG-Wholesale-GHS,24.12
2022-08-15,BRONG AHAFO-TECHIMAN MUNICIPAL-Techiman-Rice (local)-50 KG-Wholesale-GHS,21.14
2022-09-15,BRONG AHAFO-TECHIMAN MUNICIPAL-Techiman-Rice (local)-50 KG-Wholesale-GHS,21.21
2022-09-15,BRONG AHAFO-TECHIMAN MUNICIPAL-Techiman-Rice (local)-50 KG-Wholesale-GHS,21.21
2022-10-15,BRONG AHAFO-TECHIMAN MUNICIPAL-Techiman-Rice (local)-50 KG-Wholesale-GHS,22.03
2022-12-15,BRONG AHAFO-TECHIMAN MUNICIPAL-Techiman-Rice (local)-50 KG-Wholesale-GHS,47.75
2022-12-15,BRONG AHAFO-TECHIMAN MUNICIPAL-Techiman-Rice (local)-50 KG-Wholesale-GHS,47.75
2023-02-15,BRONG AHAFO-TECHIMAN MUNICIPAL-Techiman-Rice (local)-50 KG-Wholesale-GHS,30.44
2023-03-15,BRONG AHAFO-TECHIMAN MUNICIPAL-Techiman-Rice (local)-50 KG-Wholesale-GHS,30.23
2023-03-15,BRONG AHAFO-TECHIMAN MUNICIPAL-Techiman-Rice (local)-50 KG-Wholesale-GHS,30.23
2023-03-15,BRONG AHAFO-TECHIMAN MUNICIPAL-Techiman-Rice (local)-50 KG-Wholesale-GHS,30.23
2023-05-15,BRONG AHAFO-TECHIMAN MUNICIPAL-Techiman-Rice (local)-50 KG-Wholesale-GHS,50.46
2023-06-15,BRONG AHAFO-TECHIMAN MUNICIPAL-Techiman-Rice (local)-50 KG-Wholesale-GHS,50.61
2023-07-15,BRONG AHAFO-TECHIMAN MUNICIPAL-Techiman-Rice (local)-50 KG-Wholesale-GHS,37.8
